{
  "Admin Login" : {
    "transaction" : "Admin Login",
    "sampleCount" : 3,
    "errorCount" : 0,
    "errorPct" : 0.0,
    "meanResTime" : 720.0,
    "medianResTime" : 720.0,
    "minResTime" : 720.0,
    "maxResTime" : 720.0,
    "pct1ResTime" : 720.0,
    "pct2ResTime" : 720.0,
    "pct3ResTime" : 720.0,
    "throughput" : 4.166666666666667,
    "receivedKBytesPerSec" : 2.201334635416667,
    "sentKBytesPerSec" : 1.3102213541666667
  },
  "Agent Deposit to Customer" : {
    "transaction" : "Agent Deposit to Customer",
    "sampleCount" : 10,
    "errorCount" : 6,
    "errorPct" : 60.0,
    "meanResTime" : 2205.8,
    "medianResTime" : 2001.0,
    "minResTime" : 1400.0,
    "maxResTime" : 3606.0,
    "pct1ResTime" : 3541.6000000000004,
    "pct2ResTime" : 3606.0,
    "pct3ResTime" : 3606.0,
    "throughput" : 0.45310376076121434,
    "receivedKBytesPerSec" : 0.15805533529678295,
    "sentKBytesPerSec" : 0.24115385704576348
  },
  "Customer Send Money" : {
    "transaction" : "Customer Send Money",
    "sampleCount" : 10,
    "errorCount" : 0,
    "errorPct" : 0.0,
    "meanResTime" : 2234.9000000000005,
    "medianResTime" : 1961.5,
    "minResTime" : 1608.0,
    "maxResTime" : 3197.0,
    "pct1ResTime" : 3187.5,
    "pct2ResTime" : 3197.0,
    "pct3ResTime" : 3197.0,
    "throughput" : 0.44718719255880507,
    "receivedKBytesPerSec" : 0.15979081421608085,
    "sentKBytesPerSec" : 0.23844160853233165
  },
  "Total" : {
    "transaction" : "Total",
    "sampleCount" : 28,
    "errorCount" : 6,
    "errorPct" : 21.428572,
    "meanResTime" : 2140.142857142857,
    "medianResTime" : 2065.5,
    "minResTime" : 720.0,
    "maxResTime" : 3606.0,
    "pct1ResTime" : 3111.5,
    "pct2ResTime" : 3421.949999999999,
    "pct3ResTime" : 3606.0,
    "throughput" : 1.211596711380355,
    "receivedKBytesPerSec" : 0.45071465274772826,
    "sentKBytesPerSec" : 0.6167852120294245
  },
  "Customer Payment to Merchant" : {
    "transaction" : "Customer Payment to Merchant",
    "sampleCount" : 5,
    "errorCount" : 0,
    "errorPct" : 0.0,
    "meanResTime" : 2671.4,
    "medianResTime" : 2787.0,
    "minResTime" : 2207.0,
    "maxResTime" : 2964.0,
    "pct1ResTime" : 2964.0,
    "pct2ResTime" : 2964.0,
    "pct3ResTime" : 2964.0,
    "throughput" : 0.37419547971860495,
    "receivedKBytesPerSec" : 0.13243011899416254,
    "sentKBytesPerSec" : 0.1987913486005089
  }
}